iniciativa_acordo;empreendimento_acordo;limite_total_acordo_fte80;vlr_empenhado_2025;saldo_limite_acordo_fte80;previsao_liquidacao_2026
Ampliação e melhoria na pavimentação, manutenção e recuperação funcional da infraestrutura viária;Peçanha - Coroaci;111000000;14200000;96800000;65000000
Ampliação e melhoria na pavimentação, manutenção e recuperação funcional da infraestrutura viária;Reabilitação da AMG-0555 ( Entrº BR -482 (Piranga) - Presidente Bernardes);12200000;0;12200000;10989737
Ampliação e melhoria na pavimentação, manutenção e recuperação funcional da infraestrutura viária;Reabilitação da MGC-259/AMG-0810 (Guanhães - Sabinópolis, Sabinópolis - Serro, Entrº MG-010 (Serro) - Alvorada de Minas);21600000;0;21600000;21600000
Ampliação e melhoria na pavimentação, manutenção e recuperação funcional da infraestrutura viária;"Reabilitação da AMG-1705 (Santa Cruz do Escalvado a Entrº
MG-329)";14700000;0;14700000;14700000
Ampliação e melhoria na pavimentação, manutenção e recuperação funcional da infraestrutura viária;Reabilitação da LMG-845 (Sericita a Entrº BR-262);16500000;0;16500000;16500000
Ampliação e melhoria na pavimentação, manutenção e recuperação funcional da infraestrutura viária;Reabilitação da MG-425 (Timóteo a Cava Grande);9300000;0;9300000;5300000
Ampliação e melhoria na pavimentação, manutenção e recuperação funcional da infraestrutura viária;Conservação de estradas;147873769,2;138875162,3;8998606,85;510027
Ampliação e melhoria na pavimentação, manutenção e recuperação funcional da infraestrutura viária;Reabilitação da MG-010 (Conceição do Mato Dentro a Serro);29000000;6000000;23000000;18000000
